{"H2wm75/Ba6jjMJbHIApJbQ==":"inforecarga-428x128.png","Y6Mhf+bN6RmMWL/r+7Y1HQ==":"ir-129x128.png","edQawbz7vl9N38359FdVTA==":"mbr-2000x1324.jpg","Uz/kklRHsflf9UTyfmsVAg==":"mbr-2000x1334.jpg","MHdbXbFFHqmYoX1wldl7vQ==":"mbr-2000x1330.jpg","igj1Xhq7cgfgkE2/fHe6Wg==":"mbr-2000x1250.jpg","hRu/HGND3ERKDOCm3L14Bg==":"290520141781-2000x1500.jpg","U73h7NWvHU5DqbTm45cGug==":"img-45-353665-original-2000x1628.jpg","Gft/WCdHlfb5ABTVCbjeJw==":"mbr-2000x1333.jpg","DYgpBbyA7XL55iaUmSnOFw==":"captura%20de%20tela%20em%202017-08-05%2013-11-1400x1400.png","5lDgccZGzjnU8RucJZyUuw==":"mbr-2000x1155.jpg"}