{"file:///C:/users/pedro/%C3%81rea%20de%20Trabalho/site":{"assets/images/ir1-131x128.png":"OH9cD0XYcUNRQUhrO+7jNw==","assets/images/mbr-2000x1330.jpg":"MHdbXbFFHqmYoX1wldl7vQ==","assets/images/img-45-353665-original-2000x1628.jpg":"U73h7NWvHU5DqbTm45cGug==","assets/images/mbr-2000x1333.jpg":"Gft/WCdHlfb5ABTVCbjeJw==","assets/images/290520141781-2000x1500.jpg":"hRu/HGND3ERKDOCm3L14Bg==","assets/images/hashes.json":"MFIce5hCWEiFL26czR44qw==","assets/web/assets/jquery/jquery.min.js":"V5Dq1607onOXrt+j0mO4Zw==","assets/bootstrap/css/bootstrap.min.css":"NM5JRjudBrjMToddUDgMUQ==","assets/bootstrap/js/bootstrap.min.js":"DKdxssbVVAIdzBwBzcd+9g==","assets/tether/tether.min.css":"YhVaOUjL8Xsb9LQHyQq4Tw==","assets/tether/tether.min.js":"PlC291/0Eo8keLHUT4D9+w==","assets/smooth-scroll/smooth-scroll.js":"Q1pVjjRBNe99bV9ZV65xqw==","assets/bootstrap-material-design-font/css/material.css":"HzWxb4ENne/E/Y2UKoxvNw==","assets/bootstrap-material-design-font/fonts/license.txt":"pV8TLVKq0XI9Ij+wgM+cug==","assets/bootstrap-material-design-font/fonts/material-design-icons.eot":"LxmIl+me/gNB94VFERPXog==","assets/bootstrap-material-design-font/fonts/material-design-icons.svg":"xugX+kwOmhTCvA5NKlGGlQ==","assets/bootstrap-material-design-font/fonts/material-design-icons.ttf":"f2HJkaxsfH8pURkf/FBC4A==","assets/bootstrap-material-design-font/fonts/material-design-icons.woff":"TIdNziA0njUMSu+mR0IhwQ==","assets/dropdown/css/style.css":"/5ev1lVQ5aXyBGMZIck7Mw==","assets/dropdown/js/script.min.js":"XKwdlgq/KqgA8/xiKfaAVw==","assets/touch-swipe/jquery.touch-swipe.min.js":"9g/wVGnRdXmW2F9BctT/TQ==","assets/animate.css/animate.min.css":"F4tlGVjO/1VsvF81Xgi78Q==","assets/viewport-checker/jquery.viewportchecker.js":"2Duiy0FroZ100p8jJUN+dw==","assets/jarallax/jarallax.js":"+g75joASw43Taba0Anm6Ag==","assets/formoid/formoid.min.js":"524auFsP6JR6lpzo5Xmk4A==","assets/web/assets/mobirise-icons/mobirise-icons.css":"s/BUXPbtEYmXfC+cIYhisg==","assets/web/assets/mobirise-icons/mobirise-icons.eot":"ena7UHntSfF43JW84LS7sg==","assets/web/assets/mobirise-icons/mobirise-icons.svg":"RV5n/uyfqaayQMn0l90rcw==","assets/web/assets/mobirise-icons/mobirise-icons.ttf":"O4oJmjQYQffbqv7XRunBJQ==","assets/web/assets/mobirise-icons/mobirise-icons.woff":"4ssReEkmPjuI3gbt+6t1Eg==","assets/et-line-font-plugin/fonts/et-line.woff":"sB/yUnYZWDJfqrFTXJDIfw==","assets/et-line-font-plugin/fonts/et-line.ttf":"mBJuPhI4sPO5Qa0oUyDOKA==","assets/et-line-font-plugin/fonts/et-line.svg":"VpvZCCwVzDD6bgViar3VBQ==","assets/et-line-font-plugin/fonts/et-line.eot":"Juw8fQNm4IJdcFxuIkqIAw==","assets/et-line-font-plugin/style.css":"JYAPmZ45pppjHYpgvce3Nw==","assets/socicon/css/styles.css":"CJiiT9PQDkx8b/7uvhdvqA==","assets/socicon/fonts/socicon.eot":"YOWFcInpjt2DgHTCZNbJUQ==","assets/socicon/fonts/socicon.svg":"o1tldE9Vf6tUJOmbttTpgA==","assets/socicon/fonts/socicon.ttf":"mmTvk4+eVacKTe/GrJeQvw==","assets/socicon/fonts/socicon.woff":"lE8G9fZe+Eo6NubBwtS3rQ=="},"file:///C:/users/pedro/%C3%81rea%20de%20Trabalho/mobirise-free-win":{"assets/images/ir1-131x128.png":"OH9cD0XYcUNRQUhrO+7jNw==","assets/images/mbr-2000x1330.jpg":"MHdbXbFFHqmYoX1wldl7vQ==","assets/images/img-45-353665-original-2000x1628.jpg":"U73h7NWvHU5DqbTm45cGug==","assets/images/mbr-2000x1333.jpg":"Gft/WCdHlfb5ABTVCbjeJw==","assets/images/290520141781-2000x1500.jpg":"hRu/HGND3ERKDOCm3L14Bg==","assets/images/hashes.json":"DJTniHjN3L7Bc9WNkseiJw==","assets/web/assets/jquery/jquery.min.js":"V5Dq1607onOXrt+j0mO4Zw==","assets/bootstrap/css/bootstrap.min.css":"NM5JRjudBrjMToddUDgMUQ==","assets/bootstrap/js/bootstrap.min.js":"DKdxssbVVAIdzBwBzcd+9g==","assets/tether/tether.min.css":"YhVaOUjL8Xsb9LQHyQq4Tw==","assets/tether/tether.min.js":"PlC291/0Eo8keLHUT4D9+w==","assets/smooth-scroll/smooth-scroll.js":"Q1pVjjRBNe99bV9ZV65xqw==","assets/bootstrap-material-design-font/css/material.css":"HzWxb4ENne/E/Y2UKoxvNw==","assets/bootstrap-material-design-font/fonts/license.txt":"pV8TLVKq0XI9Ij+wgM+cug==","assets/bootstrap-material-design-font/fonts/material-design-icons.eot":"LxmIl+me/gNB94VFERPXog==","assets/bootstrap-material-design-font/fonts/material-design-icons.svg":"xugX+kwOmhTCvA5NKlGGlQ==","assets/bootstrap-material-design-font/fonts/material-design-icons.ttf":"f2HJkaxsfH8pURkf/FBC4A==","assets/bootstrap-material-design-font/fonts/material-design-icons.woff":"TIdNziA0njUMSu+mR0IhwQ==","assets/dropdown/css/style.css":"/5ev1lVQ5aXyBGMZIck7Mw==","assets/dropdown/js/script.min.js":"XKwdlgq/KqgA8/xiKfaAVw==","assets/touch-swipe/jquery.touch-swipe.min.js":"9g/wVGnRdXmW2F9BctT/TQ==","assets/animate.css/animate.min.css":"F4tlGVjO/1VsvF81Xgi78Q==","assets/viewport-checker/jquery.viewportchecker.js":"2Duiy0FroZ100p8jJUN+dw==","assets/jarallax/jarallax.js":"+g75joASw43Taba0Anm6Ag==","assets/jquery-mb-ytplayer/jquery.mb.ytplayer.min.js":"jqM5gjJa3r60+CtV/1pEuQ==","assets/formoid/formoid.min.js":"524auFsP6JR6lpzo5Xmk4A==","assets/web/assets/mobirise-icons/mobirise-icons.css":"s/BUXPbtEYmXfC+cIYhisg==","assets/web/assets/mobirise-icons/mobirise-icons.eot":"ena7UHntSfF43JW84LS7sg==","assets/web/assets/mobirise-icons/mobirise-icons.svg":"RV5n/uyfqaayQMn0l90rcw==","assets/web/assets/mobirise-icons/mobirise-icons.ttf":"O4oJmjQYQffbqv7XRunBJQ==","assets/web/assets/mobirise-icons/mobirise-icons.woff":"4ssReEkmPjuI3gbt+6t1Eg==","assets/et-line-font-plugin/fonts/et-line.woff":"sB/yUnYZWDJfqrFTXJDIfw==","assets/et-line-font-plugin/fonts/et-line.ttf":"mBJuPhI4sPO5Qa0oUyDOKA==","assets/et-line-font-plugin/fonts/et-line.svg":"VpvZCCwVzDD6bgViar3VBQ==","assets/et-line-font-plugin/fonts/et-line.eot":"Juw8fQNm4IJdcFxuIkqIAw==","assets/et-line-font-plugin/style.css":"JYAPmZ45pppjHYpgvce3Nw==","assets/socicon/css/styles.css":"CJiiT9PQDkx8b/7uvhdvqA==","assets/socicon/fonts/socicon.eot":"YOWFcInpjt2DgHTCZNbJUQ==","assets/socicon/fonts/socicon.svg":"o1tldE9Vf6tUJOmbttTpgA==","assets/socicon/fonts/socicon.ttf":"mmTvk4+eVacKTe/GrJeQvw==","assets/socicon/fonts/socicon.woff":"lE8G9fZe+Eo6NubBwtS3rQ==","assets/images/mountains.jpg":"Bthdy7SpF6ijpMajU6d5zw==","assets/images/coworkers.jpg":"HLjjaSAx8TuQGsgadns+1g==","assets/images/landscape.jpg":"91i4viHB16cKNs7+hNagvA==","assets/images/captura-de-tela-em-2017-08-05-13-11-1400x1400.png":"DYgpBbyA7XL55iaUmSnOFw==","assets/images/mbr-2000x1155.jpg":"5lDgccZGzjnU8RucJZyUuw=="}}